channel_name,channel_id,youtube_tier,video_id,video_title
@Mrwhosetheboss,UCMiJRAwDNSNzuYeN2uWa0pA,Diamond,neIYdLysqlk,I tested the Craziest Xiaomi Gadgets!
@Mrwhosetheboss,UCMiJRAwDNSNzuYeN2uWa0pA,Diamond,YX8ks42Azn8,The TRIPLE FOLDING phone has a Problem.
@Mrwhosetheboss,UCMiJRAwDNSNzuYeN2uWa0pA,Diamond,4RcThoRG46c,I tested every  Celebrity Tech product!
@Mrwhosetheboss,UCMiJRAwDNSNzuYeN2uWa0pA,Diamond,vSIbvJB4WdI,iPhone 16 Pro Max vs Samsung S24 Ultra Camera Battle!
@Mrwhosetheboss,UCMiJRAwDNSNzuYeN2uWa0pA,Diamond,cRPBp2tRxFY,iPhone 16 / 16 Pro Unboxing - Testing every new feature!
@mkbhd,UCBJycsmduvYEL83R_U4JriQ,Diamond,z19HM7ANZlo,The M4 Mac Mini is Incredible!
@mkbhd,UCBJycsmduvYEL83R_U4JriQ,Diamond,Yv_S7KrOlfk,The Tri Folding Phone Impressions!
@mkbhd,UCBJycsmduvYEL83R_U4JriQ,Diamond,nK9zxuXa3OA,Google Pixel 9 Pro Fold Is So Good! But…
@mkbhd,UCBJycsmduvYEL83R_U4JriQ,Diamond,MRtg6A1f2Ko,iPhone 16/16 Pro Review: Times Have Changed!
@mkbhd,UCBJycsmduvYEL83R_U4JriQ,Diamond,h3BKjZMGoIw,iPhone 16/16 Pro Unboxing: End of an Era!
@unboxtherapy,UCsTcErHg8oDvUnTzoqsYeNw,Diamond,hPf2qu5U6F8,The First Snapdragon ELITE Smartphone...
@unboxtherapy,UCsTcErHg8oDvUnTzoqsYeNw,Diamond,QptbdEci-m8,Unboxing The 8K Action Camera
@unboxtherapy,UCsTcErHg8oDvUnTzoqsYeNw,Diamond,_ybbXIksjUk,AirPods 4 vs AirPods 4 Noise Cancellation
@unboxtherapy,UCsTcErHg8oDvUnTzoqsYeNw,Diamond,G7o7Qz08RrI,Unboxing The Vivo V40 Pro
@unboxtherapy,UCsTcErHg8oDvUnTzoqsYeNw,Diamond,PCEmUPqSK4k,Like a Gaming Phone but HUGE
@Dave2D,UCVYamHliCI9rw1tHR1xbkfw,Gold,b4x8boB2KdI,M4 MacBook Pro Review - Things to Know
@Dave2D,UCVYamHliCI9rw1tHR1xbkfw,Gold,qExcc92zHfo,M4 Mac Mini Review - Apple NAILED It.
@Dave2D,UCVYamHliCI9rw1tHR1xbkfw,Gold,1rJa-0YOkwk,"The Tiny Apple ""Phone"""
@Dave2D,UCVYamHliCI9rw1tHR1xbkfw,Gold,tYJWcs-qnAc,"My iPhone 16 / Pro / Max ""Review"""
@Dave2D,UCVYamHliCI9rw1tHR1xbkfw,Gold,1OHZTFseggA,Apple Watch Series 10 + NEW Ultra Review
@MaryBautista,UCst-F1upPxpie6i_jA6vpRw,Gold,CHv-oKQcjF8,iPad Mini 7 Review: A MONTH LATER!
@MaryBautista,UCst-F1upPxpie6i_jA6vpRw,Gold,9a42bdlFRxM,Tecno SPARK 30 Review: The GOOD and the BAD!
@MaryBautista,UCst-F1upPxpie6i_jA6vpRw,Gold,pk9RKCRdWyc,HP EliteBook 840 G11 16”: BIG AND POWERFUL!
@MaryBautista,UCst-F1upPxpie6i_jA6vpRw,Gold,H17T4dH7-W0,Infinix HOT 50 Pro+ Review: THE SLIMMEST GAMING PHONE?!
@MaryBautista,UCst-F1upPxpie6i_jA6vpRw,Gold,8AuAv0eQlBI,Apple Watch Series 10 Quick Review: DON'T BUY... YET!
@JerryRigEverything,UCWFKCr40YwOZQx8FHU_ZqqQ,Gold,FZzZatxb9KQ,NEW iPhone 16 Durability Test! - They hid all the good stuff...
@JerryRigEverything,UCWFKCr40YwOZQx8FHU_ZqqQ,Gold,PIun_aBsRMA,The Tri Folding Phone Durability Test! - someone has to try...
@JerryRigEverything,UCWFKCr40YwOZQx8FHU_ZqqQ,Gold,IFthVfjoVOc,The Gaming Pad from 2030 just arrived today...
@JerryRigEverything,UCWFKCr40YwOZQx8FHU_ZqqQ,Gold,VS66VOUmoKQ,The Scratchable Truth about BLACK TITANIUM Apple Watch Ultra 2
@JerryRigEverything,UCWFKCr40YwOZQx8FHU_ZqqQ,Gold,qYztDs8vPBg,iPhone 16 Pro MAX Durability Test - Apple tried hard this year...
@ThisIsTechToday,UCEAMLkMKtq6YhmaZdUT1ywA,Silver,CwaZ47RUjoU,AUDIO ENGINEER Reviews the APPLE AIRPODS 4
@ThisIsTechToday,UCEAMLkMKtq6YhmaZdUT1ywA,Silver,TJqTr8_w588,Apple iPhone 16 Pro Max: In-Depth Camera Review (Shot in South Korea)
@ThisIsTechToday,UCEAMLkMKtq6YhmaZdUT1ywA,Silver,ThmKbekcisg,AUDIO ENGINEER Reviews the Nothing Ear (Open) Headphones
@ThisIsTechToday,UCEAMLkMKtq6YhmaZdUT1ywA,Silver,ciR9HfGTlf0,AUDIO ENGINEER REACTS: Apple AirPods 4 and Apple iPhone 16 Pro Max Sound Tests
@ThisIsTechToday,UCEAMLkMKtq6YhmaZdUT1ywA,Silver,awY7eX8rguw,AUDIO ENGINEER Compares the ONEPLUS BUDS PRO 3 vs. Buds Pro 2
@CreatedbyEllaYT,UCfuwnVrJuKnqb-2hQZbctsQ,Silver,ZoTCq6zunl0,iPhone 16 PRO MAX Review With Apple Intelligence | Finally Great?
@CreatedbyEllaYT,UCfuwnVrJuKnqb-2hQZbctsQ,Silver,e_utOqzf5j0,"Finally, an OLED TV with THIS!! | Samsung S95D TV"
@CreatedbyEllaYT,UCfuwnVrJuKnqb-2hQZbctsQ,Silver,FLrbO71yQUA,AMD’s New Processor is NOT What You Think | Lenovo Yoga Pro 7
@CreatedbyEllaYT,UCfuwnVrJuKnqb-2hQZbctsQ,Silver,CUOzCh_Pcrg,SAMSUNG vs APPLE | Everything* Compared
@CreatedbyEllaYT,UCfuwnVrJuKnqb-2hQZbctsQ,Silver,ulXeKHtePDI,Galaxy Z FLIP 6 Review | More Than Just CUTE Now
@ChigzTech,UC-v54XQalOcx5yco3aTixrg,Silver,2VK_awDJ_ss,"Powerful BuzzTV Powerstation 6 - Android TV, RK3588, 8GB + 128GB - Any Good?"
@ChigzTech,UC-v54XQalOcx5yco3aTixrg,Silver,4wHkhxit_sU,MIND BLOWING MacBook Pro M4 Speed Test Results! - Massive Upgrades!
@ChigzTech,UC-v54XQalOcx5yco3aTixrg,Silver,iXa5Bk0pu0w,Xiaomi Redmi Watch 5 Lite vs Active: Which ONE Should You Buy?
@ChigzTech,UC-v54XQalOcx5yco3aTixrg,Silver,yro-CI984mE,Testing the NEW Google TV Streamer 4K - Worth the Money?
@ChigzTech,UC-v54XQalOcx5yco3aTixrg,Silver,w9EbwjnpKaA,Powerful GEEKOM GT13 Pro Mini Gaming PC Review - CORE i9 (13900H) - Any Good?
